{"cameraMode":{"drawMode":0,"name":"Shaded","section":"Shading Mode"},"sceneLighting":true,"audioPlay":false,"sceneViewState":{"showFog":true,"showMaterialUpdate":false,"showSkybox":true,"showFlares":true,"showImageEffects":true,"showParticleSystems":true},"in2DMode":false,"pivot":{"x":-9.149048805236817,"y":6.518596172332764,"z":-3.3431787490844728},"rotation":{"x":-0.22585448622703553,"y":-0.6721973419189453,"z":0.22748582065105439,"w":-0.6673761010169983},"size":9.604690551757813,"orthographic":true}