{"cameraMode":{"drawMode":0,"name":"Shaded","section":"Shading Mode"},"sceneLighting":true,"audioPlay":false,"sceneViewState":{"showFog":true,"showMaterialUpdate":false,"showSkybox":true,"showFlares":true,"showImageEffects":true,"showParticleSystems":true},"in2DMode":false,"pivot":{"x":-1.3170945644378663,"y":5.20562744140625,"z":1.5947855710983277},"rotation":{"x":-0.015817541629076005,"y":0.022497816011309625,"z":-0.0003579195763450116,"w":-0.9996217489242554},"size":10.41264533996582,"orthographic":true}