{"cameraMode":{"drawMode":0,"name":"Shaded","section":"Shading Mode"},"sceneLighting":true,"audioPlay":false,"sceneViewState":{"showFog":true,"showMaterialUpdate":false,"showSkybox":true,"showFlares":true,"showImageEffects":true,"showParticleSystems":true},"in2DMode":false,"pivot":{"x":0.0,"y":9.800000190734864,"z":1.5499999523162842},"rotation":{"x":0.0164995938539505,"y":0.5878099203109741,"z":-0.011991187930107117,"w":0.8087419271469116},"size":0.5715775489807129,"orthographic":true}