{"cameraMode":{"drawMode":0,"name":"Shaded","section":"Shading Mode"},"sceneLighting":false,"audioPlay":false,"sceneViewState":{"showFog":true,"showMaterialUpdate":false,"showSkybox":true,"showFlares":true,"showImageEffects":true,"showParticleSystems":true},"in2DMode":false,"pivot":{"x":0.6696892976760864,"y":0.36875155568122866,"z":5.033419132232666},"rotation":{"x":-0.32646048069000246,"y":0.1382492333650589,"z":-0.04829844832420349,"w":-0.9337976574897766},"size":22.0,"orthographic":false}