{"cameraMode":{"drawMode":0,"name":"Shaded","section":"Shading Mode"},"sceneLighting":false,"audioPlay":false,"sceneViewState":{"showFog":true,"showMaterialUpdate":false,"showSkybox":true,"showFlares":true,"showImageEffects":true,"showParticleSystems":true},"in2DMode":false,"pivot":{"x":42.79997253417969,"y":4.3866167068481449,"z":1.6666650772094727},"rotation":{"x":-0.2761366069316864,"y":0.18591561913490296,"z":-0.05450044572353363,"w":-0.941389262676239},"size":22.0,"orthographic":false}