{"cameraMode":{"drawMode":0,"name":"Shaded","section":"Shading Mode"},"sceneLighting":false,"audioPlay":false,"sceneViewState":{"showFog":true,"showMaterialUpdate":false,"showSkybox":true,"showFlares":true,"showImageEffects":true,"showParticleSystems":true},"in2DMode":false,"pivot":{"x":-0.20749333500862122,"y":-0.11298573017120362,"z":5.4072771072387699},"rotation":{"x":0.2480834722518921,"y":0.10786021500825882,"z":-0.027834990993142129,"w":0.9623128771781921},"size":1.621473789215088,"orthographic":false}