{"cameraMode":{"drawMode":0,"name":"Shaded","section":"Shading Mode"},"sceneLighting":false,"audioPlay":false,"sceneViewState":{"showFog":true,"showMaterialUpdate":false,"showSkybox":true,"showFlares":true,"showImageEffects":true,"showParticleSystems":true},"in2DMode":false,"pivot":{"x":-0.7330054640769959,"y":-0.4116089344024658,"z":7.007999897003174},"rotation":{"x":-0.02212335728108883,"y":-0.9664344787597656,"z":0.2398959994316101,"w":-0.08924645930528641},"size":4.9500555992126469,"orthographic":false}