{"cameraMode":{"drawMode":0,"name":"Shaded","section":"Shading Mode"},"sceneLighting":false,"audioPlay":false,"sceneViewState":{"showFog":true,"showMaterialUpdate":false,"showSkybox":true,"showFlares":true,"showImageEffects":true,"showParticleSystems":true},"in2DMode":false,"pivot":{"x":146.2904815673828,"y":126.63263702392578,"z":160.11993408203126},"rotation":{"x":-0.0177487563341856,"y":-0.8948465585708618,"z":0.03572472184896469,"w":-0.44458791613578799},"size":303.8761901855469,"orthographic":false}