{"cameraMode":{"drawMode":0,"name":"Shaded","section":"Shading Mode"},"sceneLighting":false,"audioPlay":false,"sceneViewState":{"showFog":true,"showMaterialUpdate":false,"showSkybox":true,"showFlares":true,"showImageEffects":true,"showParticleSystems":true},"in2DMode":false,"pivot":{"x":-0.005511760711669922,"y":1.1095890998840333,"z":15.00269603729248},"rotation":{"x":0.2375873327255249,"y":-0.508317232131958,"z":0.14825977385044099,"w":0.8143616914749146},"size":3.7946982383728029,"orthographic":false}