{"cameraMode":{"drawMode":0,"name":"Shaded","section":"Shading Mode"},"sceneLighting":false,"audioPlay":false,"sceneViewState":{"showFog":true,"showMaterialUpdate":false,"showSkybox":true,"showFlares":true,"showImageEffects":true,"showParticleSystems":true},"in2DMode":false,"pivot":{"x":0.06318211555480957,"y":-0.6316525936126709,"z":7.3692193031311039},"rotation":{"x":-0.050802092999219897,"y":-0.9462648630142212,"z":0.2606778144836426,"w":-0.1845240741968155},"size":4.9500555992126469,"orthographic":false}