{"cameraMode":{"drawMode":0,"name":"Shaded","section":"Shading Mode"},"sceneLighting":true,"audioPlay":false,"sceneViewState":{"showFog":true,"showMaterialUpdate":false,"showSkybox":true,"showFlares":true,"showImageEffects":true,"showParticleSystems":true},"in2DMode":false,"pivot":{"x":30.956106185913087,"y":-4.5250420570373539,"z":147.12518310546876},"rotation":{"x":-0.016573188826441766,"y":0.1715945303440094,"z":-0.0028546329122036697,"w":-0.985024094581604},"size":189.9380340576172,"orthographic":false}