{"cameraMode":{"drawMode":0,"name":"Shaded","section":"Shading Mode"},"sceneLighting":false,"audioPlay":false,"sceneViewState":{"showFog":true,"showMaterialUpdate":false,"showSkybox":true,"showFlares":true,"showImageEffects":true,"showParticleSystems":true},"in2DMode":false,"pivot":{"x":-1.3899999856948853,"y":1.4900000095367432,"z":-13.260000228881836},"rotation":{"x":-0.16285432875156403,"y":0.2084372639656067,"z":-0.035222142934799197,"w":-0.9637384414672852},"size":22.0,"orthographic":false}