{"cameraMode":{"drawMode":0,"name":"Shaded","section":"Shading Mode"},"sceneLighting":false,"audioPlay":false,"sceneViewState":{"showFog":true,"showMaterialUpdate":false,"showSkybox":true,"showFlares":true,"showImageEffects":true,"showParticleSystems":true},"in2DMode":false,"pivot":{"x":-2.0300540924072267,"y":2.588759183883667,"z":1.975070834159851},"rotation":{"x":0.025774534791707994,"y":0.04677492007613182,"z":-0.0012429351918399335,"w":0.9985721111297607},"size":0.053203925490379336,"orthographic":false}