{"cameraMode":{"drawMode":0,"name":"Shaded","section":"Shading Mode"},"sceneLighting":false,"audioPlay":false,"sceneViewState":{"showFog":true,"showMaterialUpdate":false,"showSkybox":true,"showFlares":true,"showImageEffects":true,"showParticleSystems":true},"in2DMode":false,"pivot":{"x":-1.1769399642944337,"y":-0.11800000071525574,"z":6.805000305175781},"rotation":{"x":-0.18580123782157899,"y":-0.5487427711486816,"z":0.12666280567646027,"w":-0.8051806688308716},"size":4.9500555992126469,"orthographic":false}