{"cameraMode":{"drawMode":0,"name":"Shaded","section":"Shading Mode"},"sceneLighting":true,"audioPlay":false,"sceneViewState":{"showFog":true,"showMaterialUpdate":false,"showSkybox":true,"showFlares":true,"showImageEffects":true,"showParticleSystems":true},"in2DMode":false,"pivot":{"x":0.279447078704834,"y":0.12472278624773026,"z":4.534594535827637},"rotation":{"x":0.051356229931116107,"y":-0.14154992997646333,"z":0.0073569524101912979,"w":0.9885707497596741},"size":0.31366851925849917,"orthographic":false}