{"cameraMode":{"drawMode":0,"name":"Shaded","section":"Shading Mode"},"sceneLighting":false,"audioPlay":false,"sceneViewState":{"showFog":true,"showMaterialUpdate":false,"showSkybox":true,"showFlares":true,"showImageEffects":true,"showParticleSystems":true},"in2DMode":false,"pivot":{"x":42.79997253417969,"y":4.3866167068481449,"z":1.6666650772094727},"rotation":{"x":-0.17183206975460053,"y":0.35587581992149355,"z":-0.06674604117870331,"w":-0.9161720275878906},"size":22.0,"orthographic":false}