{"cameraMode":{"drawMode":0,"name":"Shaded","section":"Shading Mode"},"sceneLighting":false,"audioPlay":false,"sceneViewState":{"showFog":true,"showMaterialUpdate":false,"showSkybox":true,"showFlares":true,"showImageEffects":true,"showParticleSystems":true},"in2DMode":false,"pivot":{"x":0.0,"y":9.800000190734864,"z":1.5499999523162842},"rotation":{"x":-0.01758672669529915,"y":0.6905983090400696,"z":-0.016780633479356767,"w":-0.7228298783302307},"size":0.5715775489807129,"orthographic":false}