{"cameraMode":{"drawMode":0,"name":"Shaded","section":"Shading Mode"},"sceneLighting":false,"audioPlay":false,"sceneViewState":{"showFog":true,"showMaterialUpdate":false,"showSkybox":true,"showFlares":true,"showImageEffects":true,"showParticleSystems":true},"in2DMode":false,"pivot":{"x":23.346540451049806,"y":-33.21074676513672,"z":71.03456115722656},"rotation":{"x":0.025774534791707994,"y":0.04677492007613182,"z":-0.0012429351918399335,"w":0.9985721111297607},"size":26.60191535949707,"orthographic":false}