{"cameraMode":{"drawMode":0,"name":"Shaded","section":"Shading Mode"},"sceneLighting":true,"audioPlay":false,"sceneViewState":{"showFog":true,"showMaterialUpdate":false,"showSkybox":true,"showFlares":true,"showImageEffects":true,"showParticleSystems":true},"in2DMode":false,"pivot":{"x":6.398690700531006,"y":4.304468631744385,"z":1.712058663368225},"rotation":{"x":0.02662137895822525,"y":0.6261677742004395,"z":0.021444370970129968,"w":-0.7789386510848999},"size":11.547019004821778,"orthographic":false}