{"cameraMode":{"drawMode":0,"name":"Shaded","section":"Shading Mode"},"sceneLighting":false,"audioPlay":false,"sceneViewState":{"showFog":true,"showMaterialUpdate":false,"showSkybox":true,"showFlares":true,"showImageEffects":true,"showParticleSystems":true},"in2DMode":false,"pivot":{"x":-2.0008926391601564,"y":2.592454433441162,"z":-0.06599994003772736},"rotation":{"x":0.14524857699871064,"y":0.024043690413236619,"z":-0.00356583041138947,"w":0.9890966415405273},"size":0.42359459400177,"orthographic":false}